alpha,cl,cd,cm,ld,re,ncrit
-5.000000,-0.556600,0.007760,-0.004700,-71.726804,1800000.000000,7.000000
-4.850000,-0.540500,0.007630,-0.004400,-70.838794,1800000.000000,7.000000
-4.700000,-0.524100,0.007530,-0.004100,-69.601594,1800000.000000,7.000000
-4.550000,-0.508000,0.007410,-0.003800,-68.556005,1800000.000000,7.000000
-4.400000,-0.491700,0.007290,-0.003600,-67.448560,1800000.000000,7.000000
-4.250000,-0.475300,0.007210,-0.003300,-65.922330,1800000.000000,7.000000
-4.100000,-0.458900,0.007090,-0.003100,-64.724965,1800000.000000,7.000000
-3.950000,-0.442700,0.006990,-0.002800,-63.333333,1800000.000000,7.000000
-3.800000,-0.426100,0.006900,-0.002700,-61.753623,1800000.000000,7.000000
-3.650000,-0.409600,0.006810,-0.002500,-60.146843,1800000.000000,7.000000
-3.500000,-0.393300,0.006720,-0.002200,-58.526786,1800000.000000,7.000000
-3.350000,-0.376700,0.006630,-0.002100,-56.817496,1800000.000000,7.000000
-3.200000,-0.360100,0.006550,-0.001900,-54.977099,1800000.000000,7.000000
-3.050000,-0.343500,0.006470,-0.001700,-53.091190,1800000.000000,7.000000
-2.900000,-0.326900,0.006410,-0.001600,-50.998440,1800000.000000,7.000000
-2.750000,-0.310200,0.006340,-0.001400,-48.927445,1800000.000000,7.000000
-2.450000,-0.276700,0.006210,-0.001200,-44.557166,1800000.000000,7.000000
-2.300000,-0.259900,0.006160,-0.001100,-42.191558,1800000.000000,7.000000
-2.150000,-0.243200,0.006100,-0.001000,-39.868852,1800000.000000,7.000000
-2.000000,-0.226400,0.006050,-0.000900,-37.421488,1800000.000000,7.000000
-1.850000,-0.209500,0.006010,-0.000800,-34.858569,1800000.000000,7.000000
-1.700000,-0.192600,0.005960,-0.000700,-32.315436,1800000.000000,7.000000
-1.550000,-0.175700,0.005930,-0.000600,-29.629005,1800000.000000,7.000000
-1.400000,-0.158800,0.005900,-0.000500,-26.915254,1800000.000000,7.000000
-1.250000,-0.141800,0.005870,-0.000500,-24.156729,1800000.000000,7.000000
-1.100000,-0.124900,0.005850,-0.000400,-21.350427,1800000.000000,7.000000
-0.950000,-0.107800,0.005830,-0.000300,-18.490566,1800000.000000,7.000000
-0.800000,-0.090800,0.005810,-0.000300,-15.628227,1800000.000000,7.000000
-0.650000,-0.073800,0.005790,-0.000200,-12.746114,1800000.000000,7.000000
-0.500000,-0.056800,0.005770,-0.000200,-9.844021,1800000.000000,7.000000
-0.350000,-0.039800,0.005760,-0.000100,-6.909722,1800000.000000,7.000000
-0.200000,-0.022700,0.005760,-0.000100,-3.940972,1800000.000000,7.000000
-0.050000,-0.005700,0.005760,-0.000000,-0.989583,1800000.000000,7.000000
0.250000,0.028400,0.005770,0.000100,4.922010,1800000.000000,7.000000
0.400000,0.045500,0.005770,0.000100,7.885615,1800000.000000,7.000000
0.550000,0.062500,0.005780,0.000200,10.813149,1800000.000000,7.000000
0.700000,0.079500,0.005790,0.000200,13.730570,1800000.000000,7.000000
0.850000,0.096500,0.005800,0.000300,16.637931,1800000.000000,7.000000
1.000000,0.113500,0.005830,0.000400,19.468268,1800000.000000,7.000000
1.150000,0.130500,0.005850,0.000400,22.307692,1800000.000000,7.000000
1.300000,0.147500,0.005890,0.000500,25.042445,1800000.000000,7.000000
1.600000,0.181400,0.005950,0.000600,30.487395,1800000.000000,7.000000
1.750000,0.198300,0.005980,0.000700,33.160535,1800000.000000,7.000000
1.900000,0.215100,0.006020,0.000800,35.730897,1800000.000000,7.000000
2.050000,0.232000,0.006070,0.000900,38.220758,1800000.000000,7.000000
2.200000,0.248800,0.006120,0.001000,40.653595,1800000.000000,7.000000
2.500000,0.282400,0.006220,0.001200,45.401929,1800000.000000,7.000000
2.650000,0.299100,0.006290,0.001400,47.551669,1800000.000000,7.000000
2.800000,0.315800,0.006350,0.001500,49.732283,1800000.000000,7.000000
2.950000,0.332400,0.006430,0.001600,51.695179,1800000.000000,7.000000
3.100000,0.349100,0.006510,0.001800,53.625192,1800000.000000,7.000000
3.250000,0.365600,0.006580,0.001900,55.562310,1800000.000000,7.000000
3.400000,0.382200,0.006660,0.002100,57.387387,1800000.000000,7.000000
3.550000,0.398800,0.006740,0.002300,59.169139,1800000.000000,7.000000
3.700000,0.415300,0.006830,0.002500,60.805271,1800000.000000,7.000000
3.850000,0.431600,0.006930,0.002700,62.279942,1800000.000000,7.000000
4.000000,0.448100,0.007020,0.002900,63.831909,1800000.000000,7.000000
4.150000,0.464500,0.007120,0.003200,65.238764,1800000.000000,7.000000
4.300000,0.480800,0.007230,0.003400,66.500692,1800000.000000,7.000000
4.450000,0.497200,0.007340,0.003600,67.738420,1800000.000000,7.000000
4.600000,0.513400,0.007440,0.003900,69.005376,1800000.000000,7.000000
4.750000,0.529700,0.007570,0.004200,69.973580,1800000.000000,7.000000
4.900000,0.545900,0.007670,0.004500,71.173403,1800000.000000,7.000000
5.050000,0.562100,0.007790,0.004800,72.156611,1800000.000000,7.000000
5.200000,0.578300,0.007910,0.005100,73.109987,1800000.000000,7.000000
5.350000,0.594500,0.008040,0.005400,73.942786,1800000.000000,7.000000
5.500000,0.611000,0.008160,0.005600,74.877451,1800000.000000,7.000000
5.650000,0.627700,0.008290,0.005800,75.717732,1800000.000000,7.000000
5.800000,0.644300,0.008410,0.006000,76.611177,1800000.000000,7.000000
5.950000,0.661300,0.008570,0.006100,77.164527,1800000.000000,7.000000
6.100000,0.679700,0.008690,0.005900,78.216341,1800000.000000,7.000000
6.250000,0.697400,0.008840,0.005800,78.891403,1800000.000000,7.000000
6.400000,0.713900,0.008980,0.006100,79.498886,1800000.000000,7.000000
6.550000,0.733800,0.009130,0.005500,80.372399,1800000.000000,7.000000
6.700000,0.753300,0.009300,0.005000,81.000000,1800000.000000,7.000000
6.850000,0.772800,0.009440,0.004600,81.864407,1800000.000000,7.000000
7.000000,0.792100,0.009600,0.004200,82.510417,1800000.000000,7.000000
7.150000,0.811300,0.009780,0.003800,82.955010,1800000.000000,7.000000
7.300000,0.830400,0.009930,0.003400,83.625378,1800000.000000,7.000000
7.450000,0.850000,0.010090,0.002900,84.241824,1800000.000000,7.000000
7.600000,0.870300,0.010280,0.002300,84.659533,1800000.000000,7.000000
7.750000,0.890500,0.010470,0.001700,85.052531,1800000.000000,7.000000
7.900000,0.910700,0.010620,0.001100,85.753296,1800000.000000,7.000000
8.050000,0.930700,0.010800,0.000500,86.175926,1800000.000000,7.000000
8.200000,0.950400,0.011010,-0.000000,86.321526,1800000.000000,7.000000
8.350000,0.969900,0.011230,-0.000500,86.366874,1800000.000000,7.000000
8.500000,0.989700,0.011390,-0.001000,86.892011,1800000.000000,7.000000
8.650000,1.009400,0.011580,-0.001500,87.167530,1800000.000000,7.000000
8.800000,1.022900,0.011760,-0.000700,86.981293,1800000.000000,7.000000
8.950000,1.035800,0.011950,0.000200,86.677824,1800000.000000,7.000000
9.100000,1.048600,0.012170,0.001200,86.162695,1800000.000000,7.000000
9.250000,1.062000,0.012340,0.002000,86.061588,1800000.000000,7.000000
9.400000,1.075600,0.012510,0.002800,85.979217,1800000.000000,7.000000
9.550000,1.089200,0.012700,0.003600,85.763780,1800000.000000,7.000000
9.700000,1.102800,0.012900,0.004400,85.488372,1800000.000000,7.000000
9.850000,1.116300,0.013110,0.005200,85.148741,1800000.000000,7.000000
10.000000,1.129800,0.013340,0.006000,84.692654,1800000.000000,7.000000
10.150000,1.143200,0.013610,0.006800,83.997061,1800000.000000,7.000000
10.300000,1.156900,0.013870,0.007500,83.410238,1800000.000000,7.000000
10.450000,1.171200,0.014080,0.008100,83.181818,1800000.000000,7.000000
10.600000,1.185600,0.014300,0.008700,82.909091,1800000.000000,7.000000
10.750000,1.199800,0.014530,0.009400,82.573985,1800000.000000,7.000000
10.900000,1.214000,0.014780,0.010000,82.138024,1800000.000000,7.000000
11.050000,1.228000,0.015050,0.010600,81.594684,1800000.000000,7.000000
11.200000,1.241800,0.015340,0.011300,80.951760,1800000.000000,7.000000
11.350000,1.255200,0.015660,0.012000,80.153257,1800000.000000,7.000000
11.500000,1.268000,0.016030,0.012700,79.101684,1800000.000000,7.000000
11.650000,1.281400,0.016350,0.013400,78.373089,1800000.000000,7.000000
11.800000,1.295100,0.016630,0.014100,77.877330,1800000.000000,7.000000
11.950000,1.308600,0.016930,0.014800,77.294743,1800000.000000,7.000000
12.100000,1.321800,0.017250,0.015500,76.626087,1800000.000000,7.000000
12.250000,1.334700,0.017580,0.016200,75.921502,1800000.000000,7.000000
12.400000,1.347400,0.017920,0.017000,75.189732,1800000.000000,7.000000
12.550000,1.359600,0.018280,0.017800,74.376368,1800000.000000,7.000000
12.700000,1.371600,0.018660,0.018600,73.504823,1800000.000000,7.000000
12.850000,1.383000,0.019060,0.019500,72.560336,1800000.000000,7.000000
13.000000,1.393900,0.019490,0.020500,71.518728,1800000.000000,7.000000
13.150000,1.403800,0.019960,0.021600,70.330661,1800000.000000,7.000000
13.300000,1.411800,0.020480,0.022900,68.935547,1800000.000000,7.000000
13.450000,1.417100,0.021080,0.024600,67.224858,1800000.000000,7.000000
13.600000,1.424900,0.021550,0.026000,66.120650,1800000.000000,7.000000
13.750000,1.432800,0.022010,0.027200,65.097683,1800000.000000,7.000000
13.900000,1.440300,0.022530,0.028500,63.928096,1800000.000000,7.000000
14.050000,1.447400,0.023080,0.029700,62.712305,1800000.000000,7.000000
14.200000,1.454000,0.023680,0.030800,61.402027,1800000.000000,7.000000
14.350000,1.460200,0.024340,0.032000,59.991783,1800000.000000,7.000000
14.500000,1.466000,0.025050,0.033000,58.522954,1800000.000000,7.000000
14.650000,1.471300,0.025820,0.034000,56.982959,1800000.000000,7.000000
14.800000,1.475900,0.026670,0.034900,55.339333,1800000.000000,7.000000
14.950000,1.480000,0.027600,0.035700,53.623188,1800000.000000,7.000000
15.100000,1.483600,0.028630,0.036400,51.819769,1800000.000000,7.000000
15.250000,1.486600,0.029740,0.036900,49.986550,1800000.000000,7.000000
15.400000,1.489000,0.030970,0.037300,48.078786,1800000.000000,7.000000
15.550000,1.490500,0.032360,0.037600,46.059951,1800000.000000,7.000000
15.700000,1.491500,0.033850,0.037700,44.062038,1800000.000000,7.000000
15.850000,1.491300,0.035540,0.037600,41.961171,1800000.000000,7.000000
16.000000,1.490400,0.037410,0.037200,39.839615,1800000.000000,7.000000
16.150000,1.488000,0.039520,0.036700,37.651822,1800000.000000,7.000000
16.300000,1.484500,0.041840,0.035900,35.480402,1800000.000000,7.000000
16.450000,1.479100,0.044510,0.034800,33.230735,1800000.000000,7.000000
16.600000,1.472700,0.047390,0.033500,31.076176,1800000.000000,7.000000
16.750000,1.464200,0.050620,0.031900,28.925326,1800000.000000,7.000000
16.900000,1.454200,0.054150,0.030100,26.855032,1800000.000000,7.000000
17.050000,1.442500,0.058000,0.028100,24.870690,1800000.000000,7.000000
17.200000,1.428300,0.062240,0.025800,22.948265,1800000.000000,7.000000
17.350000,1.413000,0.066690,0.023400,21.187584,1800000.000000,7.000000
17.500000,1.396600,0.071360,0.020900,19.571188,1800000.000000,7.000000
17.650000,1.378000,0.076380,0.018300,18.041372,1800000.000000,7.000000
17.800000,1.358000,0.081670,0.015500,16.627893,1800000.000000,7.000000
17.950000,1.336900,0.087230,0.012500,15.326149,1800000.000000,7.000000
18.100000,1.314600,0.092990,0.009400,14.137004,1800000.000000,7.000000
18.250000,1.290500,0.099140,0.006200,13.016946,1800000.000000,7.000000
18.400000,1.267000,0.105280,0.002900,12.034574,1800000.000000,7.000000
18.550000,1.242900,0.111600,-0.000600,11.137097,1800000.000000,7.000000
18.700000,1.218000,0.118180,-0.004200,10.306312,1800000.000000,7.000000
18.850000,1.195400,0.124520,-0.007700,9.600064,1800000.000000,7.000000
19.000000,1.173800,0.130790,-0.011300,8.974692,1800000.000000,7.000000
19.150000,1.155500,0.136560,-0.014600,8.461482,1800000.000000,7.000000
19.300000,1.137500,0.142420,-0.018000,7.986940,1800000.000000,7.000000
19.450000,1.120800,0.148220,-0.021500,7.561733,1800000.000000,7.000000
19.600000,1.108400,0.153270,-0.024500,7.231683,1800000.000000,7.000000
19.750000,1.095100,0.158560,-0.027700,6.906534,1800000.000000,7.000000
19.900000,1.084700,0.163330,-0.030700,6.641156,1800000.000000,7.000000
20.050000,1.074300,0.168240,-0.033700,6.385521,1800000.000000,7.000000
20.200000,1.067300,0.172500,-0.036400,6.187246,1800000.000000,7.000000
20.350000,1.057700,0.177440,-0.039600,5.960888,1800000.000000,7.000000
20.500000,1.052500,0.181440,-0.042100,5.800816,1800000.000000,7.000000
20.650000,1.045500,0.185960,-0.045100,5.622177,1800000.000000,7.000000
20.800000,1.040300,0.190090,-0.047800,5.472671,1800000.000000,7.000000
20.950000,1.036600,0.193870,-0.050300,5.346882,1800000.000000,7.000000
21.100000,1.030400,0.198360,-0.053300,5.194596,1800000.000000,7.000000
21.250000,1.025900,0.202520,-0.056000,5.065673,1800000.000000,7.000000
21.400000,1.021400,0.206790,-0.058800,4.939310,1800000.000000,7.000000
21.550000,1.012900,0.212290,-0.062400,4.771303,1800000.000000,7.000000
21.700000,0.997900,0.220130,-0.067300,4.533230,1800000.000000,7.000000
22.000000,0.920600,0.260880,-0.088300,3.528826,1800000.000000,7.000000
22.150000,0.925300,0.262870,-0.089700,3.519991,1800000.000000,7.000000
22.300000,0.930200,0.264640,-0.091100,3.514964,1800000.000000,7.000000
22.450000,0.934900,0.266560,-0.092500,3.507278,1800000.000000,7.000000
22.600000,0.939500,0.268540,-0.093900,3.498548,1800000.000000,7.000000
22.750000,0.944200,0.270440,-0.095400,3.491347,1800000.000000,7.000000
22.900000,0.943800,0.276760,-0.098300,3.410175,1800000.000000,7.000000
23.050000,0.947400,0.279930,-0.100100,3.384418,1800000.000000,7.000000
